id,name_cz,name_eng,keyword,type,Typ (hodnota),edition,Edice,Vytisknuto,Role Token,Vytisknuto Reminder Tokeny,Reminder Tokeny,ability_cz,ability_eng,setup,setup_reminder_eng,setup_reminder_cz,setlist_position,first_night_position,first_night_reminder_eng,first_night_reminder_cz,other_night_position,other_night_reminder_eng,other_night_reminder_cz,jinx,
1,Kuchař,Chef,chef,townsfolk,Měšťan,1,I Potíže Přicházejí (Trouble Brewing),1,1,0,0,"První noc se dozvíš, kolik je ve hře zlých párů. (Pár je dvojice hráčů, kteří sedí vedle sebe.)",You start knowing how many pairs of evil players there are.,FALSE,,,3,50,Give a finger signal.,Ukaž signál prsty.,0,,,FALSE,
2,Vyšetřovatel,Investigator,investigator,townsfolk,Měšťan,1,I Potíže Přicházejí (Trouble Brewing),1,1,2,2,"První noc se dozvíš, že jeden ze dvou hráčů je konkrétní Přisluhovač Démona.",You start knowing that 1 of 2 players is a particular Minion.,FALSE,,,5,49,Show the Minion character token. Point to both the **MINION** and **WRONG** players.,Ukaž žeton role Přisluhovače. Ukaž na **PŘISLUHOVAČE** i **NESPRÁVNÉHO** hráče.,0,,,FALSE,
3,Pradlena,Washerwoman,washerwoman,townsfolk,Měšťan,1,I Potíže Přicházejí (Trouble Brewing),1,1,2,2,"První noc se dozvíš, že jeden ze dvou hráčů je konkrétní Měšťan.",You start knowing that 1 of 2 players is a particular Townsfolk.,FALSE,,,6,47,Show the Townsfolk character token. Point to both the **TOWNSFOLK** and **WRONG** players.,Ukaž žeton role Měšťana. Ukaž na **MĚŠŤANA** i **NESPRÁVNÉHO** hráče.,0,,,FALSE,
4,Knihovník,Librarian,librarian,townsfolk,Měšťan,1,I Potíže Přicházejí (Trouble Brewing),1,1,2,2,"První noc se dozvíš, že jeden ze dvou hráčů je konkrétní Outsider. (Nebo že ve hře žádný Outsider není.)",You start knowing that 1 of 2 players is a particular Outsider. (Or that zero are in play.),FALSE,,,9,48,Show the Outsider character token. Point to both the **OUTSIDER** and **WRONG** players.,Ukaž žeton role Outsidera. Ukaž na **OUTSIDERA** i **NESPRÁVNÉHO** hráče.,0,,,FALSE,
5,Empat,Empath,empath,townsfolk,Měšťan,1,I Potíže Přicházejí (Trouble Brewing),1,1,0,0,"Každou noc se dozvíš, kolik ze tvých dvou žijících sousedů je zlých.","Each night, you learn how many of your 2 alive neighbors are evil.",FALSE,,,13,51,Give a finger signal.,Ukaž signál prsty.,70,Give a finger signal.,Ukaž signál prsty.,FALSE,
6,Vědma,Fortune Teller,fortuneteller,townsfolk,Měšťan,1,I Potíže Přicházejí (Trouble Brewing),1,1,1,1,"Každou noc si vyber 2 hráče: dozvíš se, jestli je jeden z nich Démon. Jeden z hodných  hráčů se ti bude jevit jako Démon.","Each night, choose 2 players: you learn if either is a Demon. There is a good player that registers as a Demon to you.",FALSE,,,25,52,The Fortune Teller chooses 2 players. Nod if either is the Demon (or the **RED HERRING**).,"Vědma vybere 2 hráče. Kývni, pokud je kdokoli z nich Démon (nebo **VOLAVKA**).",71,The Fortune Teller chooses 2 players. Nod if either is the Demon (or the **RED HERRING**).,"Vědma vybere 2 hráče. Kývni, pokud je kdokoli z nich Démon (nebo **VOLAVKA**).",FALSE,
7,Hrobník,Undertaker,undertaker,townsfolk,Měšťan,1,I Potíže Přicházejí (Trouble Brewing),1,1,1,1,"Každou noc* se dozvíš, jakou roli měl hráč, který dnes zemřel rukou popravčího.","Each night*, you learn which character died by execution today.",FALSE,,,30,0,,,72,"If a player was executed today, show their character token.","Pokud byl dnes hráč popraven, ukaž jeho žeton role.",FALSE,
8,Mnich,Monk,monk,townsfolk,Měšťan,1,I Potíže Přicházejí (Trouble Brewing),1,1,1,1,"Každou noc* si vyber hráče (ne sebe), který tuto noc nemůže zemřit rukou Démona.","Each night*, choose a player (not yourself): they are safe from the Demon tonight.",FALSE,,,32,0,,,18,The Monk chooses a player. {reminder_token},Mnich vybere hráče. {reminder_token},FALSE,
9,Zabiják,Slayer,slayer,townsfolk,Měšťan,1,I Potíže Přicházejí (Trouble Brewing),1,1,1,1,"Jednou za hru můžeš kdykoliv kromě noci veřejně vybrat hráče, pokud je Démon, umře.  ","Once per game, during the day, publicly choose a player: if they are the Demon, they die.",FALSE,,,48,0,,,0,,,FALSE,
10,Voják,Soldier,soldier,townsfolk,Měšťan,1,I Potíže Přicházejí (Trouble Brewing),1,1,0,0,"Zvládneš se ubránit Démonovi, nemůže tě tedy zabít.",You are safe from the Demon.,FALSE,,,52,0,,,0,,,FALSE,
11,Krkavec,Ravenkeeper,ravenkeeper,townsfolk,Měšťan,1,I Potíže Přicházejí (Trouble Brewing),1,1,0,0,"V noc, kterou zemřeš, se probudíš a dozvíš se roli hráče, kterého si vybereš.","If you die at night, you are woken to choose a player: you learn their character.",FALSE,,,58,0,,,69,"If the Ravenkeeper died tonight, the Ravenkeeper chooses a player. Show that player's character token.","Pokud Krkavec dnes v noci zemřel, Chovatel havranů vybere hráče. Ukaž žeton role tohoto hráče.",FALSE,
12,Starosta,Mayor,mayor,townsfolk,Měšťan,1,I Potíže Přicházejí (Trouble Brewing),1,1,0,0,"Žijí pouze 3 hráči & neproběhne poprava, pak tvůj tým vyhraje. Pokud v noci zemřeš, může místo tebe zemřít někdo jiný.","If only 3 players live & no execution occurs, your team wins. If you die at night, another player might die instead.",FALSE,,,63,0,,,0,,,FALSE,
13,Panna,Virgin,virgin,townsfolk,Měšťan,1,I Potíže Přicházejí (Trouble Brewing),1,1,1,1,"Pokud jsi poprvé nominován a ten kdo tě nominoval je Měšťan, pak je on sám okamžitě popraven.","The 1st time you are nominated, if the nominator is a Townsfolk, they are executed immediately.",FALSE,,,65,0,,,0,,,FALSE,
14,Komorník,Butler,butler,outsider,Outsider,1,I Potíže Přicházejí (Trouble Brewing),1,1,1,1,"Každou noc si vyber hráče (ne sebe) a zítra můžeš hlasovat, pouze pokud hlasuje (bude hlasovat) i on.","Each night, choose a player (not yourself): tomorrow, you may only vote if they are voting too.",FALSE,,,2,53,The Butler chooses a player. {reminder_token},Komorník vybere hráče. {reminder_token},85,The Butler chooses a player. {reminder_token},Komorník vybere hráče. {reminder_token},TRUE,
15,Opilec,Drunk,drunk,outsider,Outsider,1,I Potíže Přicházejí (Trouble Brewing),1,1,1,1,"Nevíš, že jsi opilec. Myslíš si, že jsi nějaká z rolí Měšťanů, ale nejsi.","You do not know you are the Drunk. You think you are a Townsfolk character, but you are not.",FALSE,,,6,0,,,0,,,FALSE,
16,Samotář,Recluse,recluse,outsider,Outsider,1,I Potíže Přicházejí (Trouble Brewing),1,1,0,0,"Můžeš se jevit jako zlý a i jako konkrétní Démon nebo Přisluhovač, i pokud jsi mrtvý. ","You might register as evil & as a Minion or Demon, even if dead.",FALSE,,,8,0,,,0,,,TRUE,
17,Svatý,Saint,saint,outsider,Outsider,1,I Potíže Přicházejí (Trouble Brewing),1,1,0,0,"Pokud jsi popraven a zemřeš, tvůj tým prohrává.","If you die by execution, your team loses.",FALSE,,,14,0,,,0,,,FALSE,
18,Travič,Poisoner,poisoner,minion,Přisluhovač,1,I Potíže Přicházejí (Trouble Brewing),1,1,1,1,"Každou noc si vyber hráče, tento hráč je od tohoto momentu do soumraku otráven.","Each night, choose a player: they are poisoned tonight and tomorrow day.",FALSE,,,3,28,The Poisoner chooses a player. {reminder_token},Travič vybere hráče. {reminder_token},11,The Poisoner chooses a player. {reminder_token},Travič vybere hráče. {reminder_token},FALSE,
19,Špeh,Spy,spy,minion,Přisluhovač,1,I Potíže Přicházejí (Trouble Brewing),1,1,0,0,"Každou noc se podíváš do Grimoáru. Můžeš se jevit jako hodný a i jako konkrétní Měšťan nebo Outsider, i pokud jsi mrtvý.","Each night, you see the Grimoire. You might register as good & as a Townsfolk or Outsider, even if dead.",FALSE,,,5,67,Show the Grimoire for as long as the Spy needs.,"Ukaž Grimoár na tak dlouho, jak Špeh potřebuje.",86,Show the Grimoire for as long as the Spy needs.,"Ukaž Grimoár na tak dlouho, jak Špeh potřebuje.",TRUE,
20,Šarlatová Žena,Scarlet Woman,scarletwoman,minion,Přisluhovač,1,I Potíže Přicházejí (Trouble Brewing),1,1,1,1,"Pokud je naživu 5 nebo více hráčů a Démon zemře, staneš se Démonem ty. (Cestovatelé se nepočítají.)","If there are 5 or more players alive & the Demon dies, you become the Demon. (Travellers don't count.)",FALSE,,,23,0,,,27,"If the Scarlet Woman became the Demon today, show them the **YOU ARE** token, then the Demon token.","Pokud se Šarlatová žena dnes stala Démonem, ukaž jí **JSI*, poté žeton Démona.",TRUE,
21,Baron,Baron,baron,minion,Přisluhovač,1,I Potíže Přicházejí (Trouble Brewing),1,1,0,0,Ve hře jsou Outsideři navíc.,There are extra Outsiders in play.,TRUE,[+2 Outsiders],[+2 Outsideři],27,0,,,0,,,FALSE,
22,Čert,Imp,imp,demon,Démon,1,I Potíže Přicházejí (Trouble Brewing),4,4,1,1,"Každou noc* si vyber hráče, ten zemře. Pokud zabiješ sám sebe, pak se jeden z Přisluhovačů stane Čert.","Each night*, choose a player: they die. If you kill yourself this way, a Minion becomes the Imp.",FALSE,,,5,0,,,34,"The Imp chooses a player. {reminder_token} If the Imp chose themselves: Replace 1 alive Minion token with a spare Imp token. Put the old Imp to sleep. Wake the new Imp. Show the **YOU ARE** token, then show the Imp token.","Čert vybere hráče. {reminder_token} Pokud Čert vybral sám sebe: Nahraď 1 žeton Přisluhovače, který je naživu, náhradním žetonem Čerta. Uspi starého Čerta. Probuď nového Čerta. Ukaž **JSI**, poté ukaž žeton Čerta.",FALSE,
23,Beránek,Scapegoat,scapegoat,traveller,Cestovatel,1,I Potíže Přicházejí (Trouble Brewing),2,2,0,0,"Pokud je hráč stejné strany jako ty popraven, můžeš být místo něj popraven ty.","If a player of your alignment is executed, you might be executed instead.",FALSE,,,15,0,,,0,,,FALSE,
24,Byrokrat,Bureaucrat,bureaucrat,traveller,Cestovatel,1,I Potíže Přicházejí (Trouble Brewing),2,2,1,1,Každou noc si vyber hráče (ne sebe): jeho hlas se zítra počítá jako 3 hlasy.,"Each night, choose a player (not yourself): their vote counts as 3 votes tomorrow.",FALSE,,,2,0,,,0,,,FALSE,
25,Pistolník,Gunslinger,gunslinger,traveller,Cestovatel,1,I Potíže Přicházejí (Trouble Brewing),2,2,0,0,"Každý den, po sečtení prvního hlasu, si můžeš vybrat hráče, který hlasoval: ten zemře.","Each day, after the 1st vote has been tallied, you may choose a player that voted: they die.",FALSE,,,7,0,,,0,,,FALSE,
26,Zloděj,Thief,thief,traveller,Cestovatel,1,I Potíže Přicházejí (Trouble Brewing),2,2,1,1,Každou noc si vyber hráče (ne sebe): jeho hlas se zítra počítá záporně.,"Each night, choose a player (not yourself): their vote counts negatively tomorrow.",FALSE,,,1,0,,,0,,,FALSE,
27,Žebrák,Beggar,beggar,traveller,Cestovatel,1,I Potíže Přicházejí (Trouble Brewing),2,2,0,0,"K hlasování musíš použít hlasovací žeton. Pokud ti mrtvý Hráč dá svůj, dozvíš se jeho stranu. Jsi střízlivý a zdravý.","You must use a vote token to vote. If a dead player gives you theirs, you learn their alignment. You are sober & healthy.",FALSE,,,13,0,,,0,,,FALSE,
28,Babička,Grandmother,grandmother,townsfolk,Měšťan,2,II Čas Krvavého Měsíce (Bad Moon Rising),1,1,2,2,"První noc se dozvíš o jednom hodném hráči a jeho roli. Tento hráč je tvé vnouče a pokud ho zabije Démon, zemřeš také.","You start knowing a good player & their character. If the Demon kills them, you die too.",FALSE,,,8,54,Point to the grandchild player & show their character token.,Ukaž na hráče vnuka a ukaž jeho žeton role.,67,"If the grandchild was killed by the Demon, the Grandmother dies too. {reminder_token}","Pokud byl vnuk zabit Démonem, Babička zemře také. {reminder_token}",FALSE,
29,Námořník,Sailor,sailor,townsfolk,Měšťan,2,II Čas Krvavého Měsíce (Bad Moon Rising),1,1,1,1,Každou noc si vyber živého hráče; jeden z vás je do soumraku opilý. Nemůžeš zemřít. ,"Each night, choose an alive player: either you or they are drunk until dusk. You can't die.",FALSE,,,15,21,The Sailor chooses a living player. {reminder_token},Námořník vybere živého hráče. {reminder_token},7,The Sailor chooses a living player. {reminder_token},Námořník vybere živého hráče. {reminder_token},FALSE,
30,Pokojská,Chambermaid,chambermaid,townsfolk,Měšťan,2,II Čas Krvavého Měsíce (Bad Moon Rising),1,1,0,0,"Každou noc si vyber 2 živé hráče (ne sebe): dozvíš se, kolik z nich se dnes probouzelo kvůli své schopnosti.","Each night, choose 2 alive players (not yourself): you learn how many woke tonight due to their ability.",FALSE,,,19,71,The Chambermaid chooses 2 living players. Give a finger signal.,Pokojská vybere 2 živé hráče. Ukaž signál prsty.,89,The Chambermaid chooses 2 living players. Give a finger signal.,Pokojská vybere 2 živé hráče. Ukaž signál prsty.,FALSE,
31,Exorcista,Exorcist,exorcist,townsfolk,Měšťan,2,II Čas Krvavého Měsíce (Bad Moon Rising),1,1,1,1,"Každou noc* si vyber hráče (jiného než minulou noc): pokud je vybrán Démon, dozví se, kdo jsi, a tuto noc se neprobudí.","Each night*, choose a player (different to last night): the Demon, if chosen, learns who you are then doesn't wake tonight.",FALSE,,,35,0,,,30,The Exorcist chooses a player. {reminder_token} Put the Exorcist to sleep. If the Exorcist chose the Demon: Wake the Demon. Show the **THIS CHARACTER SELECTED YOU** & Exorcist tokens. Point to the Exorcist.,Exorcista vybere hráče. {reminder_token} Uspi Exorcistu. Pokud Exorcista vybral Démona: Probuď Démona. Ukaž **TATO ROLE SI TĚ VYBRALA** a Exorcistův token. Ukaž kde sedí Exorcista.,FALSE,
32,Hostinský,Innkeeper,innkeeper,townsfolk,Měšťan,2,II Čas Krvavého Měsíce (Bad Moon Rising),1,1,3,3,"Každou noc* si vyber 2 hráče: tuto noc nemohou zemřít, ale jeden z nich je opilý až do zítřejšího soumraku.","Each night*, choose 2 players: they can't die tonight, but 1 is drunk until dusk.",FALSE,,,31,0,,,13,The Innkeeper chooses 2 players. {reminder_token} {reminder_token} {reminder_token},Hostinský vybere 2 hráče. {reminder_token} {reminder_token} {reminder_token},FALSE,
33,Gambler,Gambler,gambler,townsfolk,Měšťan,2,II Čas Krvavého Měsíce (Bad Moon Rising),1,1,1,1,"Každou noc* si vyber hráče a hádej jeho roli: pokud ji neuhádneš, zemřeš.","Each night*, choose a player & guess their character: if you guess wrong, you die.",FALSE,,,33,0,,,15,The Gambler chooses a player & a character. {reminder_token},Gambler vybere hráče a roli. {reminder_token},FALSE,
34,Drbna,Gossip,gossip,townsfolk,Měšťan,2,II Čas Krvavého Měsíce (Bad Moon Rising),1,1,4,4,"Každý den můžeš učinit veřejné prohlášení, tedy říct drb. Pokud bylo pravdivé, dnes v noci kvůli tomu zemře jeden hráč.","Each day, you may make a public statement. Tonight, if it was true, a player dies.",FALSE,,,37,0,,,52,"If the Gossip is due to kill a player, they die. {reminder_token}","Pokud Drbna má zabít hráče, ten zemře. {reminder_token}",FALSE,
35,Dvořan,Courtier,courtier,townsfolk,Měšťan,2,II Čas Krvavého Měsíce (Bad Moon Rising),1,1,1,1,Jednou za hru si v noci vyber roli: ta je opilá po 3 noci a 3 dny.,"Once per game, at night, choose a character: they are drunk for 3 nights & 3 days.",FALSE,,,42,30,The Courtier might choose a character. {reminder_token} {reminder_token},Dvořan může vybrat roli. {reminder_token} {reminder_token},12,The Courtier might choose a character. {reminder_token} {reminder_token},Dvořan může vybrat roli. {reminder_token} {reminder_token},FALSE,
36,Profesor,Professor,professor,townsfolk,Měšťan,2,II Čas Krvavého Měsíce (Bad Moon Rising),1,1,2,2,"Jednou za hru si v noci* vyber mrtvého hráče: pokud je to Měšťan, je vzkříšen.","Once per game, at night*, choose a dead player: if they are a Townsfolk, they are resurrected.",FALSE,,,46,0,,,59,The Professor might choose a dead player. {reminder_token} {reminder_token},Profesor může vybrat mrtvého hráče. {reminder_token} {reminder_token},FALSE,
37,Pěvec,Minstrel,minstrel,townsfolk,Měšťan,2,II Čas Krvavého Měsíce (Bad Moon Rising),1,1,1,1,"Když Přisluhovač zemře rukou popravčího, všichni ostatní hráči (kromě Cestovatelů) jsou opilí až do zítřejšího soumraku.","When a Minion dies by execution, all other players (except Travellers) are drunk until dusk tomorrow.",FALSE,,,57,0,,,0,,,FALSE,
38,Čajová Dáma,Tea Lady,tealady,townsfolk,Měšťan,2,II Čas Krvavého Měsíce (Bad Moon Rising),1,1,2,2,"Pokud jsou oba tvoji žijící sousedé hodní, nemohou zemřít.","If both your alive neighbors are good, they can't die.",FALSE,,,62,0,,,0,,,FALSE,
39,Pacifista,Pacifist,pacifist,townsfolk,Měšťan,2,II Čas Krvavého Měsíce (Bad Moon Rising),1,1,0,0,Popravení hodní hráči nemusí zemřít.,Executed good players might not die.,FALSE,,,68,0,,,0,,,FALSE,
40,Šašek,Fool,fool,townsfolk,Měšťan,2,II Čas Krvavého Měsíce (Bad Moon Rising),1,1,1,1,"Poprvé, když zemřeš, nezemřeš.","The 1st time you die, you don't.",FALSE,,,64,0,,,0,,,FALSE,
41,Dráteník,Tinker,tinker,outsider,Outsider,2,II Čas Krvavého Měsíce (Bad Moon Rising),1,1,1,1,Můžeš kdykoli zemřít.,You might die at any time.,FALSE,,,7,0,,,65,The Tinker might die. {reminder_token},Dráteník může zemřít. {reminder_token},FALSE,
42,Dítě Měsíce,Moonchild,moonchild,outsider,Outsider,2,II Čas Krvavého Měsíce (Bad Moon Rising),1,1,1,1,"Když se dozvíš, že jsi zemřel, veřejně si vyber 1 živého hráče. Dnes v noci, pokud to byl hodný hráč, zemře.","When you learn that you died, publicly choose 1 alive player. Tonight, if it was a good player, they die.",FALSE,,,13,0,,,66,"If the Moonchild is due to kill a good player, they die. {reminder_token}","Pokud Dítě Měsíce má zabít hodného hráče, ten zemře. {reminder_token}",FALSE,
43,Rváč,Goon,goon,outsider,Outsider,2,II Čas Krvavého Měsíce (Bad Moon Rising),1,1,3,3,"Každou noc je první hráč, který si tě vybere svou schopností, opilý až do zítřejšího soumraku. Ty se přidáš na jeho stranu.","Each night, the 1st player to choose you with their ability is drunk until dusk. You become their alignment.",FALSE,,,3,0,,,0,,,FALSE,
44,Lunatik,Lunatic,lunatic,outsider,Outsider,2,II Čas Krvavého Měsíce (Bad Moon Rising),1,1,4,4,"Myslíš si, že jsi Démon, ale nejsi. Démon ví, kdo jsi a koho si v noci vybíráš.","You think you are a Demon, but you are not. The Demon knows who you are & who you choose at night.",FALSE,,,5,17,"If there are 7 or more players, wake the Lunatic: Show the **THESE ARE YOUR MINIONS** token. Point to any players. Show the **THESE CHARACTERS ARE NOT IN PLAY** token. Show 3 good character tokens. Put the Lunatic to sleep. Wake the Demon. Show the **YOU ARE** info token and the Demon token. Show the **THIS PLAYER IS** info token and the Lunatic token, then point to the Lunatic.","Pokud je ve hře 7 a více hráčů, probuď Lunatika: Ukaž **TOTO JSOU TVOJI PŘISLUHOVAČI**. Ukaž na libovolné hráče. Ukaž **TYTO ROLE NEJSOU VE HŘE**. Ukaž 3 žetony hodných rolí. Uspi Lunatika. Probuď Démona. Ukaž **JSI** a žeton Démona. Ukaž **TENTO HRÁČ JE** a žeton Lunatika, poté ukaž na Lunatika.",29,"Do whatever needs to be done to simulate the Demon acting. Put the Lunatic to sleep. Wake the Demon. Show the Lunatic token & point to them, then their target(s).","Udělej cokoliv, co je třeba k simulování akce Démona. Uspi Lunatika. Probuď Démona. Ukaž žeton Lunatika a ukaž na něj, poté na jeho cíl(e).",FALSE,
45,Kmotr,Godfather,godfather,minion,Přisluhovač,2,II Čas Krvavého Měsíce (Bad Moon Rising),1,1,2,2,"První noc se dozvíš, kteří Outsideři jsou ve hře. Pokud dnes jeden zemřel, vyber si tuto noc hráče: ten zemře.","You start knowing which Outsiders are in play. If 1 died today, choose a player tonight: they die.",TRUE,[-1 or +1 Outsider],[-1 nebo +1 Outsider],2,33,Show the character tokens of all in-play Outsiders.,Ukaž žetony rolí všech Outsiderů ve hře.,51,"If an Outsider died today, the Godfather chooses a player. {reminder_token}","Pokud dnes zemřel Outsider, Kmotr vybere hráče. {reminder_token}",FALSE,
46,Ďáblův advokát,Devil's Advocate,devilsadvocate,minion,Přisluhovač,2,II Čas Krvavého Měsíce (Bad Moon Rising),1,1,1,1,"Každou noc si vyber živého hráče (jiného než včera): pokud bude zítra popraven, nezemře.","Each night, choose a living player (different to last night): if executed tomorrow, they don't die.",FALSE,,,4,35,The Devil's Advocate chooses a living player. {reminder_token},Ďáblův advokát vybere živého hráče. {reminder_token},20,The Devil's Advocate chooses a living player. {reminder_token},Ďáblův advokát vybere živého hráče. {reminder_token},FALSE,
47,Vrah ,Assassin,assassin,minion,Přisluhovač,2,II Čas Krvavého Měsíce (Bad Moon Rising),1,1,2,2,"Jednou za hru si v noci* vyber hráče: ten zemře, i když by z nějakého důvodu neměl.","Once per game, at night*, choose a player: they die, even if for some reason they could not.",FALSE,,,12,0,,,50,The Assassin might choose a player. {reminder_token} {reminder_token},Vrah může vybrat hráče. {reminder_token} {reminder_token},FALSE,
48,Strůjce,Mastermind,mastermind,minion,Přisluhovač,2,II Čas Krvavého Měsíce (Bad Moon Rising),1,1,0,0,"Pokud Démon zemře popravou (a hra měla skončit), hraje se ještě jeden den a pokud je popraven hráč, jeho tým prohrává.","If the Demon dies by execution (ending the game), play for 1 more day. If a player is then executed, their team loses.",FALSE,,,22,0,,,0,,,TRUE, 
49,Zombúl,Zombuul,zombuul,demon,Démon,2,II Čas Krvavého Měsíce (Bad Moon Rising),1,1,2,2,"Každou noc*, pokud v tento den nikdo nezemřel, si vyber hráče: ten zemře. Poprvé, když zemřeš, tak se jevíš jako mrtvý, ale žiješ dál.","Each night*, if no-one died today, choose a player: they die. The 1st time you die, you live but register as dead.",FALSE,,,10,0,,,35,"If no one died today, the Zombuul chooses a player. {reminder_token}","Pokud dnes nikdo nezemřel, Zombúl vybere hráče. {reminder_token}",FALSE,
50,Pukka,Pukka,pukka,demon,Démon,2,II Čas Krvavého Měsíce (Bad Moon Rising),1,1,2,2,Každou noc si vyber hráče: ten je otráven. Předchozí otrávený hráč zemře a pak se stane zdravým.,"Each night, choose a player: they are poisoned. The previously poisoned player dies then becomes healthy.",FALSE,,,2,42,The Pukka chooses a player. {reminder_token},Pukka vybere hráče. {reminder_token},36,The Pukka chooses a player. {reminder_token} The previously poisoned player dies then becomes healthy. {reminder_token},"Pukka vybere hráče. {reminder_token} Předtím otrávený hráč zemře, poté se stane zdravým. {reminder_token}",FALSE,
51,Šabalot,Shabaloth,shabaloth,demon,Démon,2,II Čas Krvavého Měsíce (Bad Moon Rising),1,1,3,3,"Každou noc* si vyber 2 hráče: ti zemřou. Mrtvý hráč, kterého sis vybral včera v noci, může být oživen.","Each night*, choose 2 players: they die. A dead player you chose last night might be regurgitated.",FALSE,,,6,0,,,37,A previously chosen player might be resurrected. {reminder_token} The Shabaloth chooses 2 players. {reminder_token} {reminder_token},Předtím vybraný hráč může být oživen. {reminder_token} Šabalot vybere 2 hráče. {reminder_token} {reminder_token},FALSE,
52,Pó,Po,po,demon,Démon,2,II Čas Krvavého Měsíce (Bad Moon Rising),1,1,4,4,"Každou noc* si můžeš vybrat hráče: ten zemře. Pokud sis naposledy nevybral nikoho, vyber si tuto noc 3 hráče.","Each night*, you may choose a player: they die. If your last choice was no-one, choose 3 players tonight.",FALSE,,,9,0,,,38,The Po may choose a player OR chooses 3 players if they chose no-one last night. {reminder_token} or {reminder_token} {reminder_token} {reminder_token},"Pó může vybrat hráče, NEBO vybere 3 hráče (může i stejného víckrát), pokud minulou noc nikoho nevybral. {reminder_token} nebo {reminder_token} {reminder_token} {reminder_token}",FALSE,
53,Biskup,Bishop,bishop,traveller,Cestovatel,2,II Čas Krvavého Měsíce (Bad Moon Rising),2,2,2,2,Nominovat může pouze Vypravěč. Každý den musí být nominován alespoň 1 hráč opačné strany.,Only the Storyteller can nominate. At least 1 opposing player must be nominated each day.,FALSE,,,17,0,,,0,,,FALSE,
54,Matróna,Matron,matron,traveller,Cestovatel,2,II Čas Krvavého Měsíce (Bad Moon Rising),2,2,0,0,"Každý den můžeš vybrat až 3 dvojice hráčů k výměně míst. Hráči nesmí opustit svá místa, aby si promluvili soukromě.","Each day, you may choose up to 3 sets of 2 players to swap seats. Players may not leave their seats to talk in private.",FALSE,,,8,0,,,0,,,FALSE,
55,Soudce,Judge,judge,traveller,Cestovatel,2,II Čas Krvavého Měsíce (Bad Moon Rising),2,2,1,1,"Jednou za hru, pokud nominoval jiný hráč, se můžeš rozhodnout vynutit úspěch nebo neúspěch aktuální popravy.","Once per game, if another player nominated, you may choose to force the current execution to pass or fail.",FALSE,,,11,0,,,0,,,FALSE,
56,Učeň,Apprentice,apprentice,traveller,Cestovatel,2,II Čas Krvavého Měsíce (Bad Moon Rising),1,1,1,1,První noc získáš schopnost Měšťana (pokud jsi hodný) nebo schopnost Přisluhovače (pokud jsi zlý).,"On your 1st night, you gain a Townsfolk ability (if good), or a Minion ability (if evil).",FALSE,,,12,0,,,0,,,FALSE,
57,Vúdon,Voudon,voudon,traveller,Cestovatel,2,II Čas Krvavého Měsíce (Bad Moon Rising),2,2,0,0,Hlasovat můžete jen ty a mrtví. Ti k tomu nepotřebují hlasovací žeton. Není vyžadována 50% většina.,Only you & the dead can vote. They don't need a vote token to do so. A 50% majority isn't required.,FALSE,,,18,0,,,0,,,FALSE,
58,Hodinář,Clockmaker,clockmaker,townsfolk,Měšťan,3,III Sekty a Fialky (Sects & Violets),1,1,0,0,"První noc se dozvíš, kolik kroků je Démon od jeho nejbližšího Přisluhovače.",You start knowing how many steps from the Demon to its nearest Minion.,FALSE,,,7,55,Give a finger signal.,Ukaž signál prsty.,0,,,FALSE,
59,Snílek,Dreamer,dreamer,townsfolk,Měšťan,3,III Sekty a Fialky (Sects & Violets),1,1,0,0,"Každou noc si vyber hráče (ne sebe nebo Cestovatele): dozvíš se 1 hodnou a 1 zlou roli, z nichž 1 je správná.","Each night, choose a player (not yourself or Travellers): you learn 1 good & 1 evil character, 1 of which is correct.",FALSE,,,24,56,"The Dreamer points to a player. Show 1 good & 1 evil character token, 1 of which is their character.","Snílek ukáže na hráče. Ukaž 1 žeton hodné a 1 žeton zlé role, z nichž 1 je role vybraného hráče.",73,"The Dreamer points to a player. Show 1 good & 1 evil character token, 1 of which is their character.","Snílek ukáže na hráče. Ukaž 1 žeton hodné a 1 žeton zlé role, z nichž 1 je jeho role.",FALSE,
60,Zaklínač Hadů,Snake Charmer,snakecharmer,townsfolk,Měšťan,3,III Sekty a Fialky (Sects & Violets),1,1,1,1,"Každou noc si vyber živého hráče: pokud vybereš Démona, tak si s tebou vymění roli i stranu a poté je otráven.","Each night, choose an alive player: a chosen Demon swaps characters & alignments with you & is then poisoned.",FALSE,,,21,32,The Snake Charmer chooses a player. If they chose the Demon: Show the **YOU ARE** & Demon tokens. Give a thumbs down. Swap the Snake Charmer & Demon tokens. Put the old Snake Charmer to sleep. Wake the old Demon. Show the **YOU ARE** and Snake Charmer tokens & give a thumbs up. {reminder_token},"Zaklínač Hadů vybere hráče. Pokud vybral Démona: Ukaž **JSI** a Démona, **PŘÍSLUŠNÍK STRANY** a palec dolů (pokud byl na straně zlých). Prohoď žetony Zaklínače Hadů a Démona. Uspi starého Zaklínače Hadů. Probuď starého Démona. Ukaž **JSI** a Zaklínače Hadů, **PŘÍSLUŠNÍK STRANY** a palec nahoru  (pokud byl na straně hodných). {reminder_token}",17,The Snake Charmer chooses a player. If they chose the Demon: Show the **YOU ARE** & Demon tokens. Give a thumbs down. Swap the Snake Charmer & Demon tokens. Put the old Snake Charmer to sleep. Wake the old Demon. Show the **YOU ARE** and Snake Charmer tokens & give a thumbs up. {reminder_token},"Zaklínač Hadů vybere hráče. Pokud vybral Démona: Ukaž **JSI** a Démona, **PŘÍSLUŠNÍK STRANY** a palec dolů (pokud byl na straně zlých). Prohoď žetony Zaklínače Hadů a Démona. Uspi starého Zaklínače Hadů. Probuď starého Démona. Ukaž **JSI** a Zaklínače Hadů, **PŘÍSLUŠNÍK STRANY** a palec nahoru  (pokud byl na straně hodných). {reminder_token}",FALSE,
61,Matematik,Mathematician,mathematician,townsfolk,Měšťan,3,III Sekty a Fialky (Sects & Violets),1,1,8,8,"Každou noc se dozvíš, kolik hráčů mělo od posledního úsvitu abnormálně fungující schopnost kvůli schopnosti jiné role.","Each night, you learn how many players’ abilities worked abnormally (since dawn) due to another character's ability.",FALSE,,,22,72,Give a finger signal.,Ukaž signál prsty.,90,Give a finger signal.,Ukaž signál prsty.,TRUE,
62,Květinářka,Flowergirl,flowergirl,townsfolk,Měšťan,3,III Sekty a Fialky (Sects & Violets),1,1,1,1,"Každou noc* se dozvíš, jestli dnes Démon hlasoval.","Each night*, you learn if a Demon voted today.",FALSE,,,27,0,,,74,Either nod or shake your head.,"Buď kývni, nebo zavrť hlavou.",FALSE,
63,Hlasatel,Town Crier,towncrier,townsfolk,Měšťan,3,III Sekty a Fialky (Sects & Violets),1,1,1,1,"Každou noc* se dozvíš, jestli dnes Přisluhovač nominoval.","Each night*, you learn if a Minion nominated today.",FALSE,,,28,0,,,75,Either nod or shake your head.,"Buď kývni, nebo zavrť hlavou.",FALSE,
64,Věštec,Oracle,oracle,townsfolk,Měšťan,3,III Sekty a Fialky (Sects & Violets),1,1,0,0,"Každou noc* se dozvíš, kolik mrtvých hráčů je zlých.","Each night*, you learn how many dead players are evil.",FALSE,,,29,0,,,76,Give a finger signal.,Ukaž signál prsty.,FALSE,
65,Učenec,Savant,savant,townsfolk,Měšťan,3,III Sekty a Fialky (Sects & Violets),1,1,0,0,"Každý den můžeš navštívit Vypravěče, abys se v soukromí dozvěděl 2 věci: 1 je pravdivá a 1 je nepravdivá.","Each day, you may visit the Storyteller to learn 2 things in private: 1 is true & 1 is false.",FALSE,,,38,0,,,0,,,FALSE,
66,Švadlena,Seamstress,seamstress,townsfolk,Měšťan,3,III Sekty a Fialky (Sects & Violets),1,1,1,1,"Jednou za hru si v noci vyber 2 hráče (ne sebe): dozvíš se, jestli jsou příslušníky stejné strany.","Once per game, at night, choose 2 players (not yourself): you learn if they are the same alignment.",FALSE,,,43,57,The Seamstress might choose 2 players. Nod or shake your head. {reminder_token},Švadlena může vybrat 2 hráče. Kývni nebo zavrť hlavou. {reminder_token},77,The Seamstress might choose 2 players. Nod or shake your head. {reminder_token},Švadlena může vybrat 2 hráče. Kývni nebo zavrť hlavou. {reminder_token},FALSE,
67,Filozof,Philosopher,philosopher,townsfolk,Měšťan,3,III Sekty a Fialky (Sects & Violets),1,1,2,2,"Jednou za hru si v noci vyber hodnou roli: získáš její schopnost. Pokud je tato role ve hře, je opilá.","Once per game, at night, choose a good character: gain that ability. If this character is in play, they are drunk.",FALSE,,,44,10,"The Philosopher might choose a character. If necessary, swap their character token. {reminder_token}","Filozof může vybrat roli. Pokud je to nutné, vyměň jeho žeton role. {reminder_token}",5,"The Philosopher might choose a character. If necessary, swap their character token. {reminder_token}","Filozof může vybrat roli. Pokud je to nutné, vyměň jeho žeton role. {reminder_token}",FALSE,
68,Umělec,Artist,artist,townsfolk,Měšťan,3,III Sekty a Fialky (Sects & Violets),1,1,1,1,Jednou za hru se během dne můžeš Vypravěče soukromě zeptat na jakoukoli ano/ne otázku.,"Once per game, during the day, privately ask the Storyteller any yes/no question.",FALSE,,,47,0,,,0,,,FALSE,
69,Kejklíř,Juggler,juggler,townsfolk,Měšťan,3,III Sekty a Fialky (Sects & Violets),1,1,5,5,"První den veřejně hádej role až 5 hráčů. Tu noc se dozvíš, kolik jsi jich uhodl správně.","On your 1st day, publicly guess up to 5 players' characters. That night, you learn how many you got correct.",FALSE,,,51,0,,,78,Give a finger signal.,Ukaž signál prsty.,FALSE,
70,Mudrc,Sage,sage,townsfolk,Měšťan,3,III Sekty a Fialky (Sects & Violets),1,1,0,0,"Pokud tě Démon zabije, dozvíš se, že je to 1 ze 2 hráčů.","If the Demon kills you, you learn that it is 1 of 2 players.",FALSE,,,59,0,,,57,"If the Demon killed the Sage, wake the Sage and point to 2 players, 1 of which is the Demon.","Pokud Démon zabil Mudrce, probuď Mudrce a ukaž na 2 hráče, z nichž 1 je Démon.",FALSE,
71,Holič,Barber,barber,outsider,Outsider,3,III Sekty a Fialky (Sects & Violets),1,1,1,1,"​Pokud jsi dnes nebo tuto noc zemřel, může Démon vybrat 2 hráče (ne jiného Démona) k výměně rolí.","If you died today or tonight, the Demon may choose 2 players (not another Demon) to swap characters.",FALSE,,,15,0,,,54,"If the Barber died today or tonight, show the Demon the **THIS CHARACTER SELECTED YOU** & Barber tokens. If the Demon chose 2 players, wake one at a time. Show the **YOU ARE** token & their new character token.","Pokud Holič zemřel dnes nebo dnes v noci, ukaž Démonovi **TATO ROLE SI TĚ VYBRALA** a Holiče. Pokud Démon vybral 2 hráče, probuď je jednoho po druhém. Ukaž **JSI** a žeton jejich nové role.",FALSE,
72,Nešika,Klutz,klutz,outsider,Outsider,3,III Sekty a Fialky (Sects & Violets),1,1,0,0,"Když se dozvíš, že jsi zemřel, veřejně si vyber 1 živého hráče: pokud je zlý, tvůj tým prohrává.","When you learn that you died, publicly choose 1 alive player: if they are evil, your team loses.",FALSE,,,12,0,,,0,,,FALSE,
73,Mutant,Mutant,mutant,outsider,Outsider,3,III Sekty a Fialky (Sects & Violets),1,1,0,0,"Pokud jsi ""posedlý"" tím, že jsi outsider, můžeš být popraven.","If you are “mad” about being an Outsider, you might be executed.",FALSE,,,17,0,,,0,,,FALSE,
74,Zlatíčko,Sweetheart,sweetheart,outsider,Outsider,3,III Sekty a Fialky (Sects & Violets),1,1,1,1,"Když zemřeš, 1 hráč je od nynějška opilý.","When you die, 1 player is drunk from now on.",FALSE,,,10,0,,,55,"If the Sweetheart died, a player became drunk immediately. If you haven't done this yet, do so now. {reminder_token}","Pokud zemřelo Zlatíčko, hráč se okamžitě stal opilým. Pokud jsi to ještě neudělal, udělej to teď. {reminder_token}",FALSE,
75,Cerenovus,Cerenovus,cerenovus,minion,Přisluhovač,3,III Sekty a Fialky (Sects & Violets),1,1,2,2,"Každou noc si vyber hráče a hodnou roli: zítra bude posedlý, že je touto rolí, nebo může být popraven.","Each night, choose a player & a good character: they are “mad” they are this character tomorrow, or might be executed.",FALSE,,,8,38,"The Cerenovus chooses a player & a character. {reminder_token} Put the Cerenovus to sleep. Wake the target. Show the **THIS CHARACTER SELECTED YOU** token, the Cerenovus token, then the madness-character token.","Cerenovus vybere hráče a roli. {reminder_token} Uspi Cerenovuse. Probuď cíl. Ukaž **TATO ROLE SI TĚ VYBRALA**, žeton Cerenovuse, poté žeton role posedlosti.",22,"The Cerenovus chooses a player & a character. {reminder_token} Put the Cerenovus to sleep. Wake the target. Show the **THIS CHARACTER SELECTED YOU** token, the Cerenovus token, then the madness-character token.","Cerenovus vybere hráče a roli. {reminder_token} Uspi Cerenovuse. Probuď cíl. Ukaž **TATO ROLE SI TĚ VYBRALA**, žeton Cerenovuse, poté žeton role posedlosti.",TRUE,
76,Zlé Dvojče,Evil Twin,eviltwin,minion,Přisluhovač,3,III Sekty a Fialky (Sects & Violets),1,1,1,1,"Ty a hráč opačné strany se navzájem znáte. Pokud je hodný hráč popraven, zlo vyhrává. Hodní nemohou vyhrát, pokud oba žijete.","You & an opposing player know each other. If the good player is executed, evil wins. Good can't win if you both live.",FALSE,,,19,36,Wake both twins. Allow eye contact. Show the good twin's character token to the Evil Twin & vice versa.,Probuď obě dvojčata. Umožni oční kontakt. Ukaž žeton role hodného dvojčete Zlému Dvojčeti a naopak.,0,,,FALSE,
77,Ježibaba,Pit-Hag,pithag,minion,Přisluhovač,3,III Sekty a Fialky (Sects & Violets),1,1,0,0,"Každou noc* si vyber hráče a roli, kterou se stane (pokud není ve hře). Pokud je vytvořen Démon, úmrtí tuto noc jsou náhodná/libovolná.","Each night*, choose a player & a character they become (if not in play). If a Demon is made, deaths tonight are arbitrary.",FALSE,,,10,0,,,23,The Pit-Hag chooses a player & a character. If they chose a character that is not in play: Put the Pit-Hag to sleep. Wake the target. Show the **YOU ARE** token & their new character token.,"Ježibaba vybere hráče a roli. Pokud vybrala roli, která není ve hře: Uspi Ježibabu. Probuď cíl. Ukaž **JSI** a žeton jeho nové role.",TRUE,
78,Čarodějnice,Witch,witch,minion,Přisluhovač,3,III Sekty a Fialky (Sects & Violets),1,1,1,1,"Každou noc si vyber hráče: pokud zítra nominuje, zemře. Pokud žijí pouze 3 hráči, ztrácíš tuto schopnost.","Each night, choose a player: if they nominate tomorrow, they die. If just 3 players live, you lose this ability.",FALSE,,,7,37,The Witch chooses a player. {reminder_token},Čarodějnice vybere hráče. {reminder_token},21,The Witch chooses a player. {reminder_token},Čarodějnice vybere hráče. {reminder_token},FALSE,
79,Fang Gu,Fang Gu,fanggu,demon,Démon,3,III Sekty a Fialky (Sects & Violets),2,2,2,2,"Každou noc* si vyber hráče: ten zemře. První Outsider, kterého takto zabiješ, se stane zlým Fang Gu a zemřeš místo něj. [+1 Outsider]","Each night*, choose a player: they die. The 1st Outsider this kills becomes an evil Fang Gu & you die instead.",TRUE,[+1 Outsider],[+1 Outsider],14,0,,,39,The Fang Gu chooses a player. {reminder_token} If they chose an Outsider (once only): Replace the Outsider token with the spare Fang Gu token. Put the Fang Gu to sleep. Wake the target. Show the **YOU ARE** and Fang Gu tokens & give a thumbs-down. {reminder_token},"Fang Gu vybere hráče. {reminder_token} Pokud vybral Outsidera (jen jednou): Nahraď žeton Outsidera náhradním žetonem Fang Gu. Uspi Fang Gu. Probuď cíl. Ukaž **JSI** a Fang Gu, pak **PŘÍSLUŠNÍK STRANY** a ukaž palec dolů. {reminder_token}",FALSE,
80,No Dashii,No Dashii,nodashii,demon,Démon,3,III Sekty a Fialky (Sects & Violets),1,1,3,3,Každou noc* si vyber hráče: ten zemře. Tvoji 2 sousedé Měšťané jsou otráveni.,"Each night*, choose a player: they die. Your 2 Townsfolk neighbors are poisoned.",FALSE,,,4,0,,,40,The No Dashii chooses a player. {reminder_token},No Dashii vybere hráče. {reminder_token},FALSE,
81,Vigormortis,Vigormortis,vigormortis,demon,Démon,3,III Sekty a Fialky (Sects & Violets),1,1,7,7,"Každou noc* si vyber hráče: ten zemře. Přisluhovači, které zabiješ, si ponechají svou schopnost a otráví 1 souseda Měšťana. [-1 Outsider]","Each night*, choose a player: they die. Minions you kill keep their ability & poison 1 Townsfolk neighbor.",TRUE,[-1 Outsider],[-1 Outsider],11,0,,,43,"The Vigormortis chooses a player. {reminder_token} If that player is a Minion, poison a neighboring Townsfolk. {reminder_token} {reminder_token}","Vigormortis vybere hráče. {reminder_token} Pokud je tento hráč Přisluhovač, otrav sousedního Měšťana. {reminder_token} {reminder_token}",FALSE,
82,Vortox,Vortox,vortox,demon,Démon,3,III Sekty a Fialky (Sects & Violets),1,1,1,1,"Každou noc* si vyber hráče: ten zemře. Schopnosti Měšťanů poskytují falešné informace. Každý den, pokud nikdo není popraven, zlo vyhrává.","Each night*, choose a player: they die. Townsfolk abilities yield false info. Each day, if no-one is executed, evil wins.",FALSE,,,12,0,,,41,The Vortox chooses a player. {reminder_token},Vortox vybere hráče. {reminder_token},TRUE,
83,Barista,Barista,barista,traveller,Cestovatel,3,III Sekty a Fialky (Sects & Violets),2,2,2,2,"Každou noc, až do soumraku, buď 1) se hráč stane střízlivým, zdravým a dostane pravdivé informace, nebo 2) jeho schopnost funguje dvakrát. Dozví se, co z toho.","Each night, until dusk, 1) a player becomes sober, healthy & gets true info, or 2) their ability works twice. They learn which.",FALSE,,,3,0,,,0,,,FALSE,
84,Deviant,Deviant,deviant,traveller,Cestovatel,3,III Sekty a Fialky (Sects & Violets),2,2,0,0,"Pokud jsi byl dnes vtipný/zábavný, nemůžeš zemřít vyhnáním.","If you were funny today, you cannot die by exile.",FALSE,,,14,0,,,0,,,FALSE,
85,Nevěstka,Harlot,harlot,traveller,Cestovatel,3,III Sekty a Fialky (Sects & Violets),2,2,2,2,"Každou noc* si vyber živého hráče: pokud souhlasí, dozvíš se jeho roli, ale oba můžete zemřít.","Each night*, choose a living player: if they agree, you learn their character, but you both might die.",FALSE,,,4,0,,,0,,,FALSE,
86,Řezník,Butcher,butcher,traveller,Cestovatel,3,III Sekty a Fialky (Sects & Violets),2,2,0,0,"Každý den, po první popravě, můžeš znovu nominovat.","Each day, after the 1st execution, you may nominate again.",FALSE,,,5,0,,,0,,,FALSE,
87,Sběratel Kostí,Bone Collector,bonecollector,traveller,Cestovatel,3,III Sekty a Fialky (Sects & Violets),2,2,2,2,Jednou za hru si v noci* vyber mrtvého hráče: ten získá zpět svou schopnost až do soumraku.,"Once per game, at night*, choose a dead player: they regain their ability until dusk.",FALSE,,,10,0,,,0,,,FALSE,
88,Akrobat,Acrobat,acrobat,townsfolk,Měšťan,4,IV Experimental,0,1,0,2,,"Each night*, choose a player: if they are or become drunk or poisoned tonight, you die.",FALSE,,,34,0,,,16,The Acrobat chooses a player. {reminder_token},,FALSE,
89,Alchymista,Alchemist,alchemist,townsfolk,Měšťan,5,V Experimental,0,1,0,1,,"You have a Minion ability. When using this, the Storyteller may prompt you to choose differently.",FALSE,,,53,11,Show the **YOU ARE** info token and a Minion token.,,0,,,TRUE,
90,Al-Hadikhia,Al-Hadikhia,alhadikhia,demon,Démon,5,V Experimental,0,1,0,6,,"Each night*, you may choose 3 players (all players learn who): each silently chooses to live or die, but if all live, all die.",FALSE,,,17,0,,,45,"The Al-Hadikhia chooses 3 players. {reminder_token} {reminder_token} {reminder_token} In order, wake each target. They nod or shake their head. Put them to sleep before waking the next target.",,TRUE,
91,Alsaahir,Alsaahir,alsaahir,townsfolk,Měšťan,5,V Experimental,0,1,0,0,,"Each day, if you publicly guess which players are Minion(s) and which are Demon(s), good wins.",FALSE,,,39,0,,,0,,,FALSE,
92,Amnéziak,Amnesiac,amnesiac,townsfolk,Měšťan,8,VIII Experimental,0,1,0,0,,"You do not know what your ability is. Each day, privately guess what it is: you learn how accurate you are.",FALSE,,,55,46,Do whatever needs to be done to satisfy the Amnesiac's ability.,,63,Do whatever needs to be done to satisfy the Amnesiac's ability.,,FALSE,
93,Ateista,Atheist,atheist,townsfolk,Měšťan,6,VI Experimental,0,1,0,0,,"The Storyteller can break the game rules, and if executed, good wins, even if you are dead.",TRUE,[No evil characters],,69,0,,,0,,,FALSE,
94,Balonista,Balloonist,balloonist,townsfolk,Měšťan,9,IX Experimental,0,1,0,4,,"Each night, you learn a player of a different character type than last night.",TRUE,[+0 or +1 Outsider],,16,61,Point to any player. {reminder_token},,79,Point to a player with a different character type to the previously shown player. {reminder_token},,FALSE,
95,Benší,Banshee,banshee,townsfolk,Měšťan,5,V Experimental,0,1,0,1,,"If the Demon kills you, all players learn this. From now on, you may nominate twice per day and vote twice per nomination.",FALSE,,,61,0,,,58,"If the Banshee was killed by the Demon tonight, announce that the Banshee has died. {reminder_token}",,FALSE,
96,Vědátor,Boffin,boffin,minion,Přisluhovač,9,IX Experimental,0,1,0,2,,The Demon (even if drunk or poisoned) has a not-in-play good character’s ability. You both know which.,FALSE,,,26,9,"Wake the Boffin and the Demon. Show the **THIS CHARACTER SELECTED YOU** & Boffin tokens, then the not-in-play good character token.",,0,,,TRUE,
97,Bombič,Boomdandy,boomdandy,minion,Přisluhovač,4,IV Experimental,0,1,0,0,,"If you are executed, all but 3 players die. After a 10 to 1 countdown, the player with the most players pointing at them, dies.",FALSE,,,21,0,,,0,,,FALSE,
98,Lovec Odměn,Bounty Hunter,bountyhunter,townsfolk,Měšťan,5,V Experimental,0,1,0,1,,"You start knowing 1 evil player. If the player you know dies, you learn another evil player tonight.",TRUE,[1 Townsfolk is evil],,12,64,Point to the player marked **KNOW**.,,82,"If the player marked **KNOW** died today or tonight, point to the new player marked **KNOW**.",,TRUE,
99,Chechtal,Cacklejack,cacklejack,traveller,Cestovatel,5,V Experimental,0,2,0,1,,"Each day, choose a player: a different player changes character tonight.",FALSE,,,6,0,,,0,,,FALSE,
100,Kanibal,Cannibal,cannibal,townsfolk,Měšťan,8,VIII Experimental,0,1,0,2,,"You have the ability of the recently killed executee. If they are evil, you are poisoned until a good player dies by execution.",FALSE,,,54,0,,,0,,,TRUE,
101,Zpěváček,Choirboy,choirboy,townsfolk,Měšťan,5,V Experimental,0,1,0,0,,"If the Demon kills the King, you learn which player is the Demon.",TRUE,[+the King],,60,0,,,60,"If the Demon killed the King, point to the Demon player.",,FALSE,
102,Vrchní Kultista,Cult Leader,cultleader,townsfolk,Měšťan,8,VIII Experimental,0,1,0,0,,"Each night, you become the alignment of an alive neighbor. If all good players choose to join your cult, your team wins.",FALSE,,,26,66,"The Cult Leader might change alignment. If so, show the **YOU ARE** info token & give a thumb signal.",,84,"The Cult Leader might change alignment. If so, show the **YOU ARE** info token & give a thumb signal.",,FALSE,
103,Děvče,Damsel,damsel,outsider,Outsider,8,VIII Experimental,0,1,0,1,,"All Minions know a Damsel is in play. If a Minion publicly guesses you (once), your team loses.",FALSE,,,20,45,"During Minion Info, show the Minions the Damsel token. If you haven't done this yet, do so now. If the Damsel was chosen by the Huntsman, show the **YOU ARE** info token & their new character token.",,62,"If the Damsel was chosen by the Huntsman, show the **YOU ARE** info token & their new character token.",,FALSE,
104,Inženýr,Engineer,engineer,townsfolk,Měšťan,6,VI Experimental,0,1,0,1,,"Once per game, at night, choose which Minions or which Demon is in play.",FALSE,,,40,23,The Engineer might choose Minions or Demons. Put the Engineer to sleep. Wake the target(s) one at a time. Show the **YOU ARE** info token & their new character token. {reminder_token},,8,The Engineer might choose Minions or Demons. Put the Engineer to sleep. Wake the target(s) one at a time. Show the **YOU ARE** info token & their new character token. {reminder_token},,FALSE,
105,Farmář,Farmer,farmer,townsfolk,Měšťan,8,VIII Experimental,0,3,0,0,,"When you die at night, an alive good player becomes a Farmer.",FALSE,,,56,0,,,64,"If the Farmer died tonight, wake a living good player. Show the **YOU ARE** info token and a Farmer token.",,FALSE,
106,Strašák,Fearmonger,fearmonger,minion,Přisluhovač,6,VI Experimental,0,1,0,2,,"Each night, choose a player: if you nominate & execute them, their team loses. All players know if you choose a new player.",FALSE,,,9,39,The Fearmonger chooses a player. {reminder_token} Announce that the Fearmonger has chosen a player.,,24,"The Fearmonger chooses a player. {reminder_token} If the target is different to last night, announce that the Fearmonger has chosen a player.",,FALSE,
107,Rybář,Fisherman,fisherman,townsfolk,Měšťan,6,VI Experimental,0,1,0,1,,"Once per game, during the day, visit the Storyteller for some advice to help your team win.",FALSE,,,49,0,,,0,,,FALSE,
108,Gangster,Gangster,gangster,traveller,Cestovatel,4,IV Experimental,0,2,0,0,,"Once per day, you may choose to kill an alive neighbor, if your other alive neighbor agrees.",FALSE,,,9,0,,,0,,,FALSE,
109,Generál,General,general,townsfolk,Měšťan,7,VII Experimental,0,1,0,0,,"Each night, you learn which alignment the Storyteller believes is winning: good, evil, or neither.",FALSE,,,17,70,Give a thumb signal.,,88,Give a thumb signal.,,FALSE,
110,Gnóm,Gnome,gnome,traveller,Cestovatel,6,VI Experimental,0,2,0,1,,All players start knowing a player of your alignment. You may choose to kill anyone who nominates them.,FALSE,,,16,0,,,0,,,FALSE,
111,Goblin,Goblin,goblin,minion,Přisluhovač,5,V Experimental,0,1,0,1,,"If you publicly claim to be the Goblin when nominated & are executed that day, your team wins.",FALSE,,,20,0,,,0,,,FALSE,
112,Golem,Golem,golem,outsider,Outsider,4,IV Experimental,0,1,0,1,,"You may only nominate once per game. When you do, if the nominee is not the Demon, they die.",FALSE,,,9,0,,,0,,,FALSE,
113,Harpyje,Harpy,harpy,minion,Přisluhovač,4,IV Experimental,0,1,0,2,,"Each night, choose 2 players: tomorrow, the 1st player is mad that the 2nd is evil, or one or both might die.",FALSE,,,6,40,"The Harpy chooses 2 players. {reminder_token} {reminder_token} Put the Harpy to sleep. Wake the 1st target. Show the **THIS CHARACTER SELECTED YOU** token, the Harpy token, then point to the 2nd target.",,25,"The Harpy chooses 2 players. {reminder_token} {reminder_token} Put the Harpy to sleep. Wake the 1st target. Show the **THIS CHARACTER SELECTED YOU** token, the Harpy token, then point to the 2nd target.",,FALSE,
114,Kloboučník,Hatter,hatter,outsider,Outsider,5,V Experimental,0,1,0,1,,"If you died today or tonight, the Minion & Demon players may choose new Minion & Demon characters to be.",FALSE,,,16,0,,,53,"If the Hatter died, wake the Minions & Demons. Each may choose a new character. If they do, show the **YOU ARE** token & their new character token.",,FALSE,
115,Kacíř,Heretic,heretic,outsider,Outsider,5,V Experimental,0,1,0,0,,"Whoever wins, loses & whoever loses, wins, even if you are dead.",FALSE,,,22,0,,,0,,,TRUE,
116,Poustevník,Hermit,hermit,outsider,Outsider,4,IV Experimental,0,1,0,0,,You have all Outsider abilities.,TRUE,[-0 or -1 Outsider],,1,0,,,0,,,FALSE,
117,Velekněžka,High Priestess,highpriestess,townsfolk,Měšťan,9,IX Experimental,0,1,0,0,,"Each night, learn which player the Storyteller believes you should talk to most.",FALSE,,,14,69,Point to a player.,,87,Point to a player.,,FALSE,
118,Lovec,Huntsman,huntsman,townsfolk,Měšťan,8,VIII Experimental,0,1,0,1,,"Once per game, at night, choose a living player: the Damsel, if chosen, becomes a not-in-play Townsfolk.",TRUE,[+the Damsel],,45,44,The Huntsman might choose a player. {reminder_token} If they chose the Damsel: Put the Huntsman to sleep. Wake the target. Show the **YOU ARE** info token & their new character token.,,61,The Huntsman might choose a player. {reminder_token} If they chose the Damsel: Put the Huntsman to sleep. Wake the target. Show the **YOU ARE** info token & their new character token.,,FALSE,
119,Kazali,Kazali,kazali,demon,Démon,4,IV Experimental,0,1,0,1,,"Each night*, choose a player: they die.",TRUE,[You choose which players are which Minions. -? to +? Outsiders],,8,8,The Kazali chooses which players are which Minions. Wake each target. Show the **YOU ARE** and Minion tokens & give a thumbs-down.,,49,The Kazali chooses a player. {reminder_token},,FALSE,
120,Král,King,king,townsfolk,Měšťan,9,IX Experimental,0,1,0,0,,"Each night, if the dead equal or outnumber the living, you learn 1 alive character. The Demon knows you are the King.",FALSE,,,23,20,"Wake the Demon: Show the **THIS PLAYER IS** & King tokens, then point to the King.",,81,"If the dead equal or outnumber the living, show the character token of a living player.",,FALSE,
121,Rytíř,Knight,knight,townsfolk,Měšťan,10,X Experimental,0,1,0,2,,You start knowing 2 players that are not the Demon.,FALSE,,,2,59,Point to the 2 players marked **KNOW**.,,0,,,FALSE,
122,Legie,Legion,legion,demon,Démon,7,VII Experimental,0,11,0,1,,"Each night*, a player might die. Executions fail if only evil voted. You register as a Minion too.",TRUE,[Most players are Legion],,13,0,,,33,A player might die. {reminder_token},,TRUE,
123,Leviathan,Leviathan,leviathan,demon,Démon,6,VI Experimental,0,1,0,1,,"If more than 1 good player is executed, evil wins. All players know you are in play. After day 5, evil wins.",FALSE,,,19,74,Announce that the Leviathan is in play. {reminder_token},,93,Change the Leviathan reminder token to the relevant day. {reminder_token} You may announce that the Leviathan is in play.,,TRUE,
124,Příšerka,Lil' Monsta,lilmonsta,demon,Démon,8,VIII Experimental,0,1,0,2,,"Each night, Minions choose who babysits Lil' Monsta & ""is the Demon"". Each night*, a player might die.",TRUE,[+1 Minion],,3,25,Wake the Minions. They choose a player. {reminder_token} Put the Minions to sleep. Wake the target. Show the **YOU ARE** & Lil' Monsta tokens.,,47,Wake the Minions. They choose a player. {reminder_token} Put the Minions to sleep. Wake the target. Show the **YOU ARE** & Lil' Monsta tokens. A player might die. {reminder_token},,TRUE,
125,Pijavice,Lleech,lleech,demon,Démon,4,IV Experimental,0,1,0,2,,"Each night*, choose a player: they die. You start by choosing a player: they are poisoned. You die if & only if they are dead.",FALSE,,,16,26,The Lleech chooses a player. {reminder_token},,46,The Lleech chooses a player. {reminder_token},,TRUE,
126,Syn Týfóna,Lord of Typhon,lordoftyphon,demon,Démon,8,VIII Experimental,0,1,0,1,,"Each night*, choose a player: they die.",TRUE,[Evil characters are in a line. You are in the middle. +1 Minion. -? to +? Outsiders],,15,7,Wake the Lord of Typhon's neighbors. Show the **YOU ARE** and Minion tokens & give a thumbs-down.,,42,The Lord of Typhon chooses a player. {reminder_token},,FALSE,
127,Vlkodlak,Lycanthrope,lycanthrope,townsfolk,Měšťan,9,IX Experimental,0,1,0,2,,"Each night*, choose an alive player. If good, they die & the Demon doesn’t kill tonight. One good player registers as evil.",FALSE,,,36,0,,,31,The Lycanthrope chooses a player. {reminder_token},,FALSE,
128,Kouzelník,Magician,magician,townsfolk,Měšťan,10,X Experimental,0,1,0,0,,The Demon thinks you are a Minion. Minions think you are a Demon.,FALSE,,,66,14,"During Minion Info, point to the Magician and the Demon. During Demon Info, point to the Magician and the Minions.",,0,,,TRUE,
129,Loutka,Marionette,marionette,minion,Přisluhovač,4,IV Experimental,1,1,1,1,"Myslíš si, že jsi Hodná role, ale nejsi. Démon ví, kdo jsi.","You think you are a good character, but you are not. The Demon knows who you are.",TRUE,[You neighbor the Demon],[Sousedíš s Démonem],16,22,Wake the Demon. Show the **THIS PLAYER IS** & Marionette tokens. Point to the Marionette.,"Probuď Démona. Ukaž **TENTO HRÁČ JE** a Loutky. Ukaž tam, kde sedí Loutka.",0,,,TRUE,
130,Mezefeles,Mezepheles,mezepheles,minion,Přisluhovač,8,VIII Experimental,0,1,0,2,,You start knowing a secret word. The 1st good player to say this word becomes evil that night.,FALSE,,,1,41,Show the secret word.,,26,"If a good player said the secret word, wake the player. Show the **YOU ARE** info token & give a thumbs-down. {reminder_token} {reminder_token}",,FALSE,
131,Ponocný,Nightwatchman,nightwatchman,townsfolk,Měšťan,6,VI Experimental,0,1,0,1,,"Once per game, at night, choose a player: they learn you are the Nightwatchman.",FALSE,,,41,65,"The Nightwatchman might choose a player. Put the Nightwatchman to sleep. Wake the target. Show the **THIS PLAYER IS** & Nightwatchman tokens, then point to the Nightwatchman. {reminder_token}",,83,"The Nightwatchman might choose a player. Put the Nightwatchman to sleep. Wake the target. Show the **THIS PLAYER IS** & Nightwatchman tokens, then point to the Nightwatchman. {reminder_token}",,FALSE,
132,Šlechtic,Noble,noble,townsfolk,Měšťan,6,VI Experimental,0,1,0,3,,"You start knowing 3 players, 1 and only 1 of which is evil.",FALSE,,,4,60,Point to the 3 players marked **KNOW**.,,0,,,FALSE,
133,Zlobr,Ogre,ogre,outsider,Outsider,9,IX Experimental,0,1,0,0,,"On your 1st night, choose a player (not yourself): you become their alignment (you don't know which) even if drunk or poisoned.",FALSE,,,4,68,The Ogre chooses a player. {reminder_token},,0,,,FALSE,
134,Ojo,Ojo,ojo,demon,Démon,9,IX Experimental,0,1,0,1,,"Each night*, choose a character: they die. If they are not in play, the Storyteller chooses who dies.",FALSE,,,7,0,,,44,The Ojo chooses a character. {reminder_token},,FALSE,
135,Flašinetář,Organ Grinder,organgrinder,minion,Přisluhovač,5,V Experimental,0,1,0,2,,"All players keep their eyes closed when voting and the vote tally is secret. Each night, choose if you are drunk until dusk.",FALSE,,,25,34,"The Organ Grinder either nods their head yes to be drunk, or shakes their head no to be sober. {reminder_token}",,19,"The Organ Grinder either nods their head yes to be drunk, or shakes their head no to be sober. {reminder_token}",,FALSE,
136,Skřítek,Pixie,pixie,townsfolk,Měšťan,4,IV Experimental,0,1,0,2,,"You start knowing 1 in-play Townsfolk. If you were mad that you were this character, you gain their ability when they die.",FALSE,,,11,43,Show the Townsfolk character token marked **MAD**.,,0,,,FALSE,
137,Morový Doktor,Plague Doctor,plaguedoctor,outsider,Outsider,6,VI Experimental,0,1,0,1,,"When you die, the Storyteller gains a Minion ability.",FALSE,,,11,0,,,56,"If the Plague Doctor died, the Storyteller gained a Minion ability. If you haven’t done this yet, do so now. {reminder_token}",,TRUE,
138,Politik,Politician,politician,outsider,Outsider,6,VI Experimental,0,1,0,0,,"If you were the player most responsible for your team losing, you change alignment & win, even if dead.",FALSE,,,18,0,,,0,,,FALSE,
139,Maková Panenka,Poppy Grower,poppygrower,townsfolk,Měšťan,7,VII Experimental,0,1,0,1,,"Minions & Demons do not know each other. If you die, they learn who each other are that night.",FALSE,,,67,12,Skip Minion Info and Demon Info. Wake the Demon. Show the **THESE CHARACTERS ARE NOT IN PLAY** token. Show 3 not-in-play good character tokens.,,6,"If the Poppy Grower died today or tonight, wake all Minions. Show the **THIS IS THE DEMON** token. Point to the Demon. Put the Minions to sleep. Wake the Demon. Show the **THESE ARE YOUR MINIONS** token. Point to the Minions.",,FALSE,
140,Kazatel,Preacher,preacher,townsfolk,Měšťan,10,X Experimental,0,1,0,3,,"Each night, choose a player: a Minion, if chosen, learns this. All chosen Minions have no ability.",FALSE,,,18,24,The Preacher chooses a player. {reminder_token} If they chose a Minion: Put the Preacher to sleep. Wake the target. Show the **THIS CHARACTER SELECTED YOU** & Preacher tokens.,,9,The Preacher chooses a player. {reminder_token} If they chose a Minion: Put the Preacher to sleep. Wake the target. Show the **THIS CHARACTER SELECTED YOU** & Preacher tokens.,,FALSE,
141,Princezna,Princess,princess,townsfolk,Měšťan,4,IV Experimental,0,1,0,1,,"On your 1st day, if you nominated & executed a player, the Demon doesn't kill tonight.",FALSE,,,50,0,,,32,"If the Princess nominated the player who was executed today, wake the Demon as normal, but no one dies to the Demon's ability. {reminder_token}",,FALSE,
142,Psychopat,Psychopath,psychopath,minion,Přisluhovač,5,V Experimental,0,1,0,0,,"Each day, before nominations, you may publicly choose a player: they die. If executed, you only die if you lose roshambo.",FALSE,,,11,0,,,0,,,FALSE,
143,Hádankář,Puzzlemaster,puzzlemaster,outsider,Outsider,7,VII Experimental,0,1,0,2,,"1 player is drunk, even if you die. If you guess (once) who it is, learn the Demon player, but guess wrong & get false info.",FALSE,,,23,0,,,0,,,FALSE,
144,Masakr,Riot,riot,demon,Démon,9,IX Experimental,0,4,0,0,,"On day 3, Minions become Riot & nominees die but nominate an alive player immediately. This must happen.",FALSE,,,18,0,,,91,"Change the Riot reminder token to the relevant day. {reminder_token} If it is night 3, you may wake the Minions. Show the **YOU ARE** & Riot tokens.",,TRUE,
145,Šugendža,Shugenja,shugenja,townsfolk,Měšťan,4,IV Experimental,0,1,0,0,,"You start knowing if your closest evil player is clockwise or anti-clockwise. If equidistant, this info is arbitrary.",FALSE,,,10,62,Point clockwise or anticlockwise.,,0,,,FALSE,
146,Práskač,Snitch,snitch,outsider,Outsider,9,IX Experimental,0,1,0,0,,Each Minion gets 3 bluffs.,FALSE,,,21,16,Wake each Minion. Show the **THESE CHARACTERS ARE NOT IN PLAY** token. Show 3 not-in-play character tokens.,,0,,,FALSE,
147,Správce,Steward,steward,townsfolk,Měšťan,4,IV Experimental,0,1,0,1,,You start knowing 1 good player.,FALSE,,,1,58,Point to the player marked **KNOW**.,,0,,,FALSE,
148,Vyvolávač,Summoner,summoner,minion,Přisluhovač,10,X Experimental,0,1,0,3,,"You get 3 bluffs. On the 3rd night, choose a player: they become an evil Demon of your choice.",TRUE,[No Demon],,18,18,Show the **THESE CHARACTERS ARE NOT IN PLAY** token. Show 3 not-in-play good character tokens.,,28,"Change the Summoner reminder token to the relevant night. {reminder_token} If it is night 3, the Summoner chooses a player & a Demon character. Put the Summoner to sleep. Wake the target. Show the **YOU ARE** and Demon tokens & give a thumbs-down.",,TRUE,
149,Vesnický Pobuda,Village Idiot,villageidiot,townsfolk,Měšťan,10,X Experimental,0,3,0,1,,"Each night, choose a player: you learn their alignment.",TRUE,[+0 to +2 Village Idiots. 1 of the extras is drunk],,20,63,"If there are multiple Village Idiots, mark one as **DRUNK**. {reminder_token} Wake the Village Idiots one at a time to choose a player. Give a thumb signal.",,80,Wake the Village Idiots one at a time to choose a player. Give a thumb signal.,,FALSE,
150,Vezír,Vizier,vizier,minion,Přisluhovač,7,VII Experimental,0,1,0,0,,"All players know you are the Vizier. You cannot die during the day. If good voted, you may choose to execute immediately.",FALSE,,,24,75,Announce which player is the Vizier.,,0,,,TRUE,
151,Vdova,Widow,widow,minion,Přisluhovač,9,IX Experimental,0,1,0,1,,"On your 1st night, look at the Grimoire & choose a player: they are poisoned. 1 good player knows a Widow is in play.",FALSE,,,14,29,Show the Grimoire for as long as the Widow needs. The Widow chooses a player. {reminder_token} Put the Widow to sleep. Wake the player marked **KNOW** & show the Widow token. {reminder_token},,0,,,TRUE,
152,Čaroděj,Wizard,wizard,minion,Přisluhovač,10,X Experimental,0,1,0,1,,"Once per game, choose to make a wish. If granted, it might have a price & leave a clue as to its nature.",FALSE,,,13,31,Do whatever needs to be done to satisfy the Wizard's ability.,,14,Do whatever needs to be done to satisfy the Wizard's ability.,,FALSE,
153,Přízrak,Wraith,wraith,minion,Přisluhovač,6,VI Experimental,0,1,0,0,,You may choose to open your eyes at night. You wake when other evil players do.,FALSE,,,17,6,Wake the Wraith whenever other evil players wake.,,4,Wake the Wraith whenever other evil players wake.,,FALSE,
154,Xaan,Xaan,xaan,minion,Přisluhovač,8,VIII Experimental,0,1,0,1,,"On night X, all Townsfolk are poisoned until dusk.",TRUE,[X Outsiders],,15,27,"If X is 1, mark the Xaan with the **X** reminder token. {reminder_token} {reminder_token}",,10,"Change the Xaan reminder token to the relevant night. If it is night X, mark the Xaan with the **X** reminder token. {reminder_token} {reminder_token}",,FALSE,
155,Avada Blablabla,Yaggababble,yaggababble,demon,Démon,6,VI Experimental,0,1,0,3,,"You start knowing a secret phrase. For each time you said it publicly today, a player might die.",FALSE,,,1,13,Show the Yaggababble their secret phrase.,,48,"For each time the Yaggababble said their phrase today, a player might die. {reminder_token}",,TRUE,
156,Fanatik,Zealot,zealot,outsider,Outsider,10,X Experimental,0,1,0,0,,"If there are 5 or more players alive, you must vote for every nomination.",FALSE,,,19,0,,,0,,,FALSE,
157,Soumrak,Dusk,dusk,special,Special,0,,0,0,0,0,,,FALSE,,,0,1,Start the Night Phase.,Začni fázi Noci.,1,Start the Night Phase.,Začni fázi Noci.,FALSE,
158,Info Démona,Demon Info,demoninfo,special,Special,0,,0,0,0,0,,,FALSE,,,0,19,"If there are 7 or more players, wake the Demon: Show the **THESE ARE YOUR MINIONS** token. Point to all Minions. Show the **THESE CHARACTERS ARE NOT IN PLAY** token. Show 3 not-in-play good character tokens.","Pokud je 7 a více hráčů, probuď Démona: Ukaž **TOTO JSOU TVOJI PŘISLUHOVAČI**. Ukaž na všechny Přisluhovače. Ukaž žeton **TYTO ROLE NEJSOU VE HŘE**. Ukaž 3 žetony hodných rolí, které nejsou ve hře.",0,,,FALSE,
159,Info Přisluhovačů,Minion Info,minioninfo,special,Special,0,,0,0,0,0,,,FALSE,,,0,15,"If there are 7 or more players, wake all Minions: Show the **THIS IS THE DEMON** token. Point to the Demon. Show the **THESE ARE YOUR MINIONS** token. Point to the other Minions.","Pokud je 7 a více hráčů, probuď všechny Přisluhovače: Ukaž žeton **TOHLE JE DÉMON**. Ukaž na Démona. Ukaž žeton **TOTO JSOU TVOJI PŘISLUHOVAČI**. Ukaž na ostatní Přisluhovače.",0,,,FALSE,
160,Úsvit,Dawn,dawn,special,Special,0,,0,0,0,0,,,FALSE,,,0,73,Wait for a few seconds. End the Night Phase.,Počkej několik sekund. Ukonči fázi Noci.,92,Wait for a few seconds. End the Night Phase.,Počkej několik sekund. Ukonči fázi Noci.,FALSE,
161,Džin,Djinn,djinn,fabled,Legenda,4,IV Experimental,0,1,0,0,,Use the Djinn's special rule. All players know what it is.,FALSE,,,1,0,,,0,,,FALSE,
162,Vévodkyně,Duchess,duchess,fabled,Legenda,7,VII Experimental,0,1,0,3,,"Each day, 3 players may choose to visit you. At night*, each visitor learns how many visitors are evil, but 1 gets false info.",FALSE,,,2,0,,,2,"One at a time: Wake each player marked **VISITOR** or **FALSE INFO**. Show the **THIS CHARACTER SELECTED YOU** & Duchess tokens, then give a finger signal.",,FALSE,
163,Fibbin,Fibbin,fibbin,fabled,Legenda,8,VIII Experimental,0,1,0,1,,"Once per game, 1 good player might get incorrect information.",FALSE,,,3,0,,,0,,,FALSE,
164,Houslista,Fiddler,fiddler,fabled,Legenda,5,V Experimental,0,1,0,0,,"Once per game, the Demon secretly chooses an opposing player: all players choose which of these 2 players win.",FALSE,,,4,0,,,0,,,FALSE,
165,Převozník,Ferryman,ferryman,fabled,Legenda,8,VIII Experimental,0,1,0,0,,"On the final day, all dead players regain their vote token.",FALSE,,,5,0,,,0,,,FALSE,
166,Prorok Zkázy,Doomsayer,doomsayer,fabled,Legenda,4,IV Experimental,0,1,0,0,,"If 4 or more players live, each living player may publicly choose (once per game) that a player of their own alignment dies.",FALSE,,,6,0,,,0,,,FALSE,
167,Duch Rovnováhy,Spirit of Ivory,spiritofivory,fabled,Legenda,5,V Experimental,0,1,0,1,,There can't be more than 1 extra evil player.,FALSE,,,7,0,,,0,,,FALSE,
168,Strážce,Sentinel,sentinel,fabled,Legenda,6,VI Experimental,0,1,0,0,,There might be 1 extra or 1 fewer Outsider in play.,FALSE,,,8,0,,,0,,,FALSE,
169,Hračkář,Toymaker,toymaker,fabled,Legenda,5,V Experimental,0,1,0,1,,The Demon may choose not to attack & must do this at least once per game. Evil players get normal starting info.,FALSE,,,9,4,"Resolve Minion Info and Demon Info, even though there are fewer than 7 players.",,3,"If a Demon attack could end the game, and the Demon is marked **FINAL NIGHT: NO ATTACK**, do not wake the Demon.",,FALSE,
170,Buddhista,Buddhist,buddhist,fabled,Legenda,9,IX Experimental,0,1,0,0,,"For the first 2 minutes of each day, veteran players may not talk.",FALSE,,,10,3,Announce which players are affected by the Buddhist.,,0,,,FALSE,
171,Přísný Knihovník,Hell's Librarian,hellslibrarian,fabled,Legenda,8,VIII Experimental,0,1,0,3,,Something bad might happen to whoever talks when the Storyteller has asked for silence.,FALSE,,,11,0,,,0,,,FALSE,
172,Anděl,Angel,angel,fabled,Legenda,9,IX Experimental,0,1,0,2,,Something bad might happen to whoever is most responsible for the death of a new player.,FALSE,,,12,2,Announce which players are protected by the Angel. {reminder_token},,0,,,FALSE,
173,Deus ex Fiasco,Deus ex Fiasco,deusexfiasco,fabled,Legenda,6,VI Experimental,0,1,0,1,,"At least once per game, the Storyteller will make a mistake, correct it, and publicly admit to it.",FALSE,,,13,0,,,0,,,FALSE,
174,Revolucionář,Revolutionary,revolutionary,fabled,Legenda,6,VI Experimental,0,1,0,1,,"2 neighboring players are known to be the same alignment. Once per game, 1 of them registers falsely.",FALSE,,,14,0,,,0,,,FALSE,
175,Prorok Zena,Zenomancer,zenomancer,loric,Lorik,9,IX Experimental,0,1,0,4,,"One or more players each have a goal. When achieved, that player learns a piece of true info.",FALSE,,,15,0,,,0,,,FALSE,
176,Zahradník,Gardener,gardener,loric,Lorik,5,V Experimental,0,1,0,0,,The Storyteller assigns 1 or more players' characters.,FALSE,,,16,0,,,0,,,FALSE,
177,Papež,Pope,pope,loric,Lorik,7,VII Experimental,0,1,0,9,,There are duplicate good characters in play. They might also be bluffs.,FALSE,,,17,0,,,0,,,FALSE,
178,Hinduista,Hindu,hindu,loric,Lorik,4,IV Experimental,0,1,0,0,,The first 4 players to die are immediately reincarnated as Travellers of the same alignment.,FALSE,,,18,0,,,0,,,FALSE,
179,Tor,Tor,tor,loric,Lorik,8,VIII Experimental,0,1,0,1,,Players don't know their character or alignment. They learn them when they die.,FALSE,,,19,0,,,68,"If a player died tonight, show the **YOU ARE** info token, their character token, & a thumbs up or thumbs down.",,FALSE,
180,Oko Bouře,Storm Catcher,stormcatcher,loric,Lorik,8,VIII Experimental,0,1,0,1,,"Name a good character. If in play, they can only die by execution, but evil players learn which player it is.",FALSE,,,20,5,"Announce which character is stormcaught. If that character is in play, mark that player as **STORMCAUGHT**. Wake each evil player and show them the character token, then the marked player.  If not in play, wake each evil player, show them the **THESE CHARACTERS ARE NOT IN PLAY** token & the relevant character token.",,0,,,FALSE,
181,Papaláš,Big Wig,bigwig,loric,Lorik,6,VI Experimental,0,1,0,0,,"Each nominee chooses a player: until voting, only they may speak & they are mad the nominee is good or they might die.",FALSE,,,21,0,,,0,,,FALSE,
182,Pašerák,Bootlegger,bootlegger,loric,Lorik,9,IX Experimental,0,1,0,0,,This script has homebrew characters or rules.,FALSE,,,22,0,,,0,,,FALSE,
